keywords, rank, frequency
model performance,0.0878734206449319, 1
instruction datasets,0.0843157687536305, 1
chat models,0.08372665445890692, 1
Benjamin Marie | Aug,0.08365595129214401, 1
GB,0.07668777993495272, 3
quantization,0.06547780713335308, 3
Fast Inference,0.06527731804561555, 2
Benjamin Marie,0.06494313741345766, 1
Benjamin Mariein,0.06479504490826045, 2
AI,0.06462252371855874, 3
in--,0.06322243979666593, 1
Hugging Face Hub,0.061217387293784134, 2
LLM,0.06109173230265478, 1
LLMs,0.06109173230265478, 3
Llama,0.05885078378334063, 3
quantizing it?No,0.05794155651555871, 1
its original size,0.057433633818014036, 1
Hugging Face,0.0567545154650728, 1
most standard computers,0.05337557654893878, 1
Listsin----in,0.04943822912432088, 1
memory,0.048912762297200534, 2
QLoRa,0.04879612271744919, 2
consumer hardware,0.04821679079879699, 1
GTPQ,0.048152264837981185, 4
the entire model,0.04777352787956602, 2
RAM,0.04760907273000171, 2
Medium,0.047215600671301226, 1
most machines,0.04716731041345843, 1
Mediumin,0.045388933729452775, 2
a Hugging Face account,0.04438609758090395, 1
in----in,0.04303274572426163, 1
MediumMember,0.042866327767841335, 1
Aug,0.04276156022625659, 1
its size,0.0423517042282848, 1
7B parameters,0.04068907130533532, 1
a quantization algorithm,0.039898326674263074, 1
FollowMore,0.03946736327468421, 2
Technology,0.039109955287679014, 1
the model,0.03891533818971855, 3
your model,0.03891533818971855, 1
your computer·3 min read·Aug,0.0386788204345359, 1
AI and Technology,0.03776790692625135, 1
fine-tuning,0.037355187169238344, 1
NLP/AI,0.036533989091453035, 2
Meta,0.03640311320259068, 4
research scientist,0.035924635394101914, 1
an open LLM,0.03578025157773541, 1
13.5 GB,0.035420568311199795, 1
3.6 GB,0.035420568311199795, 1
a Google Colab Pro instance,0.03470744627833472, 1
Llama 2 WeightsLlama,0.03330888918399844, 1
GPTQ,0.0332681390701987, 11
26.6%,0.03275996363477067, 1
inference,0.032361253813495514, 1
the same email,0.0321490394476129, 1
Exclusive articles,0.03171183642854901, 1
Fast Inference on Your Computer,0.029992671294772875, 1
this account,0.02891155388850974, 1
your account,0.02891155388850974, 1
the instructions,0.028698161830667774, 1
7B,0.02856066585958352, 1
Your ComputerThe power,0.02785557030346322, 1
2023 | MediumMember-only storyQuantization,0.02776958434669892, 1
The email address,0.02759828138864824, 1
the layer level,0.027555724915021455, 1
Llama 2,0.027182012687465743, 3
all my AI notebooks,0.0269105486457185, 1
a significant drop,0.02641773419021618, 1
a Google Colab Pro,0.026135025066083905, 1
CPU,0.025996902393592484, 1
4-bit quantization,0.025096545177817876, 1
the Llama 2 weights,0.024661097876329946, 1
Medium "Top writer,0.02255445384459662, 1
D,0.022259341889112702, 1
an email,0.02218052874615853, 1
On Medium,0.02180795180602051, 1
at least 32 GB,0.021080186421354178, 1
one hour,0.020693972894908347, 2
i.e., 26.6%,0.019496754950693147, 1
the best option,0.019051914974117793, 1
Your Computer,0.01790733503131152, 1
a few words,0.01778767102441876, 1
5--SharePhoto,0.015437050628552324, 1
a very clever (and complicated) algorithm,0.013667218241719263, 1
The 7 billion parameter version,0.012114276316179333, 1
the CPU,0.012007454876029638, 1
a way,0.011646960938485973, 1
an LLM,0.011644642981485931, 1
this scenario,0.010281149625330506, 1
13.5,0.0, 1
2023,0.0, 1
3.6,0.0, 1
4,0.0, 1
5,0.0, 1
7 billion,0.0, 1
I,0.0, 2
It,0.0, 3
This,0.0, 1
You,0.0, 3
a,0.0, 1
at least 32,0.0, 1
it,0.0, 4
that,0.0, 3
we,0.0, 4
what,0.0, 1
you,0.0, 5
